{
  "1": [
    92.3076923076923,
    137.23076923076923,
    232.7032967032967,
    170.72527472527472
  ],
  "2": [
    92.3076923076923,
    137.23076923076923,
    232.7032967032967,
    170.72527472527472
  ],
  "3": [
    92.57142857142857,
    132.21978021978023,
    276.83516483516485,
    46.68131868131868
  ],
  "4": [
    92.57142857142857,
    171.16483516483515,
    262.24175824175825,
    22.945054945054945
  ],
  "5": [
    92.74725274725274,
    171.16483516483515,
    262.24175824175825,
    22.945054945054945
  ],
  "6": [
    92.57142857142857,
    42.10989010989011,
    291.42857142857144,
    179.42857142857142
  ],
  "7": [
    92.65934065934066,
    108.13186813186813,
    274.8131868131868,
    76.3076923076923
  ],
  "8": [
    92.57142857142857,
    27.692307692307693,
    292.3956043956044,
    183.9120879120879
  ]
}