{
  "1": [
    89.93406593406593,
    20.043956043956044,
    290.3736263736264,
    189.8021978021978
  ],
  "2": [
    100,
    20,
    290,
    190
  ],
  "3": [
    110,
    20,
    290,
    190
  ],
  "4": [
    120,
    20,
    290,
    190
  ]
}