{
  "1": [
    90,
    112.79120879120879,
    275.6923076923077,
    66.28571428571429
  ],
  "10": [
    90,
    20.13186813186813,
    290.2857142857143,
    189.71428571428572
  ],
  "2": [
    90,
    124.74725274725274,
    239.3846153846154,
    179.07692307692307
  ],
  "3": [
    111.56043956043956,
    143.12087912087912,
    218.98901098901098,
    183.03296703296704
  ],
  "4": [
    105.49450549450549,
    141.01098901098902,
    223.03296703296704,
    181.01098901098902
  ],
  "5": [
    99.07692307692308,
    139.86813186813185,
    225.4065934065934,
    179.78021978021977
  ],
  "6": [
    92.65934065934066,
    139.69230769230768,
    226.1978021978022,
    179.34065934065933
  ],
  "7": [
    86.24175824175825,
    139.69230769230768,
    226.1978021978022,
    179.34065934065933
  ],
  "8": [
    79.73626373626374,
    140.04395604395606,
    223.73626373626374,
    180.74725274725276
  ],
  "9": [
    73.75824175824175,
    142.24175824175825,
    219.69230769230768,
    182.76923076923077
  ]
}