{
  "1": [
    89.93406593406593,
    20.043956043956044,
    290.3736263736264,
    189.8021978021978
  ],
  "10": [
    89.84615384615384,
    168.0879120879121,
    216.43956043956044,
    255.82417582417582
  ],
  "2": [
    20.13186813186813,
    20.043956043956044,
    290.2857142857143,
    189.8901098901099
  ],
  "3": [
    110,
    20,
    290,
    190
  ],
  "4": [
    120,
    20,
    290,
    190
  ],
  "5": [
    119.82417582417582,
    60.21978021978022,
    252.74725274725276,
    189.8901098901099
  ],
  "9": [
    89.84615384615384,
    168.17582417582418,
    216.43956043956044,
    38.065934065934066
  ]
}