{
  "1": [
    92.57142857142857,
    180.21978021978023,
    145.3186813186813,
    130.1098901098901
  ],
  "2": [
    92.48351648351648,
    89.84615384615384,
    145.14285714285714,
    130.1098901098901
  ]
}