{
  "1": [
    119.82417582417582,
    20.043956043956044,
    289.9340659340659,
    189.8021978021978
  ],
  "2": [
    100,
    20,
    290,
    190
  ],
  "3": [
    110,
    20,
    290,
    190
  ],
  "4": [
    120,
    20,
    290,
    190
  ]
}