{
  "1": [
    92.65934065934066,
    20.043956043956044,
    289.9340659340659,
    193.75824175824175
  ],
  "10": [
    92.83516483516483,
    20.13186813186813,
    289.9340659340659,
    193.67032967032966
  ],
  "2": [
    92.83516483516483,
    20.13186813186813,
    289.9340659340659,
    193.67032967032966
  ],
  "3": [
    92.83516483516483,
    20.13186813186813,
    289.9340659340659,
    193.67032967032966
  ],
  "4": [
    92.83516483516483,
    20.13186813186813,
    289.9340659340659,
    193.67032967032966
  ],
  "5": [
    92.83516483516483,
    20.13186813186813,
    289.9340659340659,
    193.67032967032966
  ],
  "6": [
    92.83516483516483,
    20.13186813186813,
    289.9340659340659,
    193.67032967032966
  ],
  "7": [
    92.83516483516483,
    20.13186813186813,
    289.9340659340659,
    193.67032967032966
  ],
  "8": [
    92.83516483516483,
    20.13186813186813,
    289.9340659340659,
    193.67032967032966
  ],
  "9": [
    92.83516483516483,
    20.13186813186813,
    289.9340659340659,
    193.67032967032966
  ]
}